0,img_05796.jpg,/home/prakhar/Documents/CSE591/amasky-ram/../../HalfLifeBlueShift/train/train/BET/img_05796.jpg,1
1,img_05402.jpg,/home/prakhar/Documents/CSE591/amasky-ram/../../HalfLifeBlueShift/train/train/BET/img_05402.jpg,1
2,img_07620.jpg,/home/prakhar/Documents/CSE591/amasky-ram/../../HalfLifeBlueShift/train/train/BET/img_07620.jpg,1
3,img_04744.jpg,/home/prakhar/Documents/CSE591/amasky-ram/../../HalfLifeBlueShift/train/train/BET/img_04744.jpg,1
4,img_00491.jpg,/home/prakhar/Documents/CSE591/amasky-ram/../../HalfLifeBlueShift/train/train/BET/img_00491.jpg,1
5,img_01912.jpg,/home/prakhar/Documents/CSE591/amasky-ram/../../HalfLifeBlueShift/train/train/BET/img_01912.jpg,1
6,img_03813.jpg,/home/prakhar/Documents/CSE591/amasky-ram/../../HalfLifeBlueShift/train/train/BET/img_03813.jpg,1
7,img_00441.jpg,/home/prakhar/Documents/CSE591/amasky-ram/../../HalfLifeBlueShift/train/train/BET/img_00441.jpg,1
8,img_05164.jpg,/home/prakhar/Documents/CSE591/amasky-ram/../../HalfLifeBlueShift/train/train/BET/img_05164.jpg,1
9,img_02818.jpg,/home/prakhar/Documents/CSE591/amasky-ram/../../HalfLifeBlueShift/train/train/BET/img_02818.jpg,1
10,img_04185.jpg,/home/prakhar/Documents/CSE591/amasky-ram/../../HalfLifeBlueShift/train/train/BET/img_04185.jpg,1
11,img_05431.jpg,/home/prakhar/Documents/CSE591/amasky-ram/../../HalfLifeBlueShift/train/train/BET/img_05431.jpg,1
12,img_03565.jpg,/home/prakhar/Documents/CSE591/amasky-ram/../../HalfLifeBlueShift/train/train/BET/img_03565.jpg,1
13,img_02840.jpg,/home/prakhar/Documents/CSE591/amasky-ram/../../HalfLifeBlueShift/train/train/BET/img_02840.jpg,1
14,img_05252.jpg,/home/prakhar/Documents/CSE591/amasky-ram/../../HalfLifeBlueShift/train/train/BET/img_05252.jpg,1
15,img_05616.jpg,/home/prakhar/Documents/CSE591/amasky-ram/../../HalfLifeBlueShift/train/train/BET/img_05616.jpg,1
16,img_04557.jpg,/home/prakhar/Documents/CSE591/amasky-ram/../../HalfLifeBlueShift/train/train/BET/img_04557.jpg,1
17,img_03708.jpg,/home/prakhar/Documents/CSE591/amasky-ram/../../HalfLifeBlueShift/train/train/BET/img_03708.jpg,1
18,img_04732.jpg,/home/prakhar/Documents/CSE591/amasky-ram/../../HalfLifeBlueShift/train/train/BET/img_04732.jpg,1
19,img_05784.jpg,/home/prakhar/Documents/CSE591/amasky-ram/../../HalfLifeBlueShift/train/train/BET/img_05784.jpg,1
20,img_07825.jpg,/home/prakhar/Documents/CSE591/amasky-ram/../../HalfLifeBlueShift/train/train/BET/img_07825.jpg,1
21,img_00923.jpg,/home/prakhar/Documents/CSE591/amasky-ram/../../HalfLifeBlueShift/train/train/BET/img_00923.jpg,1
22,img_03366.jpg,/home/prakhar/Documents/CSE591/amasky-ram/../../HalfLifeBlueShift/train/train/BET/img_03366.jpg,1
23,img_04914.jpg,/home/prakhar/Documents/CSE591/amasky-ram/../../HalfLifeBlueShift/train/train/BET/img_04914.jpg,1
24,img_02757.jpg,/home/prakhar/Documents/CSE591/amasky-ram/../../HalfLifeBlueShift/train/train/BET/img_02757.jpg,1
25,img_05736.jpg,/home/prakhar/Documents/CSE591/amasky-ram/../../HalfLifeBlueShift/train/train/BET/img_05736.jpg,1
26,img_07721.jpg,/home/prakhar/Documents/CSE591/amasky-ram/../../HalfLifeBlueShift/train/train/BET/img_07721.jpg,1
27,img_02554.jpg,/home/prakhar/Documents/CSE591/amasky-ram/../../HalfLifeBlueShift/train/train/BET/img_02554.jpg,1
28,img_02016.jpg,/home/prakhar/Documents/CSE591/amasky-ram/../../HalfLifeBlueShift/train/train/BET/img_02016.jpg,1
29,img_06532.jpg,/home/prakhar/Documents/CSE591/amasky-ram/../../HalfLifeBlueShift/train/train/BET/img_06532.jpg,1
30,img_05874.jpg,/home/prakhar/Documents/CSE591/amasky-ram/../../HalfLifeBlueShift/train/train/BET/img_05874.jpg,1
31,img_05986.jpg,/home/prakhar/Documents/CSE591/amasky-ram/../../HalfLifeBlueShift/train/train/BET/img_05986.jpg,1
32,img_03287.jpg,/home/prakhar/Documents/CSE591/amasky-ram/../../HalfLifeBlueShift/train/train/BET/img_03287.jpg,1
33,img_01215.jpg,/home/prakhar/Documents/CSE591/amasky-ram/../../HalfLifeBlueShift/train/train/BET/img_01215.jpg,1
34,img_03647.jpg,/home/prakhar/Documents/CSE591/amasky-ram/../../HalfLifeBlueShift/train/train/BET/img_03647.jpg,1
35,img_07581.jpg,/home/prakhar/Documents/CSE591/amasky-ram/../../HalfLifeBlueShift/train/train/BET/img_07581.jpg,1
36,img_04672.jpg,/home/prakhar/Documents/CSE591/amasky-ram/../../HalfLifeBlueShift/train/train/BET/img_04672.jpg,1
37,img_01194.jpg,/home/prakhar/Documents/CSE591/amasky-ram/../../HalfLifeBlueShift/train/train/BET/img_01194.jpg,1
38,img_02206.jpg,/home/prakhar/Documents/CSE591/amasky-ram/../../HalfLifeBlueShift/train/train/BET/img_02206.jpg,1
39,img_00443.jpg,/home/prakhar/Documents/CSE591/amasky-ram/../../HalfLifeBlueShift/train/train/BET/img_00443.jpg,1
40,img_00329.jpg,/home/prakhar/Documents/CSE591/amasky-ram/../../HalfLifeBlueShift/train/train/BET/img_00329.jpg,1
41,img_00537.jpg,/home/prakhar/Documents/CSE591/amasky-ram/../../HalfLifeBlueShift/train/train/BET/img_00537.jpg,1
42,img_05065.jpg,/home/prakhar/Documents/CSE591/amasky-ram/../../HalfLifeBlueShift/train/train/BET/img_05065.jpg,1
43,img_02139.jpg,/home/prakhar/Documents/CSE591/amasky-ram/../../HalfLifeBlueShift/train/train/BET/img_02139.jpg,1
44,img_00435.jpg,/home/prakhar/Documents/CSE591/amasky-ram/../../HalfLifeBlueShift/train/train/BET/img_00435.jpg,1
45,img_04048.jpg,/home/prakhar/Documents/CSE591/amasky-ram/../../HalfLifeBlueShift/train/train/BET/img_04048.jpg,1
46,img_07519.jpg,/home/prakhar/Documents/CSE591/amasky-ram/../../HalfLifeBlueShift/train/train/BET/img_07519.jpg,1
47,img_02647.jpg,/home/prakhar/Documents/CSE591/amasky-ram/../../HalfLifeBlueShift/train/train/BET/img_02647.jpg,1
48,img_03723.jpg,/home/prakhar/Documents/CSE591/amasky-ram/../../HalfLifeBlueShift/train/train/BET/img_03723.jpg,1
49,img_04227.jpg,/home/prakhar/Documents/CSE591/amasky-ram/../../HalfLifeBlueShift/train/train/BET/img_04227.jpg,1
50,img_02553.jpg,/home/prakhar/Documents/CSE591/amasky-ram/../../HalfLifeBlueShift/train/train/BET/img_02553.jpg,1
51,img_05748.jpg,/home/prakhar/Documents/CSE591/amasky-ram/../../HalfLifeBlueShift/train/train/BET/img_05748.jpg,1
52,img_06613.jpg,/home/prakhar/Documents/CSE591/amasky-ram/../../HalfLifeBlueShift/train/train/BET/img_06613.jpg,1
53,img_04891.jpg,/home/prakhar/Documents/CSE591/amasky-ram/../../HalfLifeBlueShift/train/train/BET/img_04891.jpg,1
54,img_04853.jpg,/home/prakhar/Documents/CSE591/amasky-ram/../../HalfLifeBlueShift/train/train/BET/img_04853.jpg,1
55,img_02115.jpg,/home/prakhar/Documents/CSE591/amasky-ram/../../HalfLifeBlueShift/train/train/BET/img_02115.jpg,1
56,img_00259.jpg,/home/prakhar/Documents/CSE591/amasky-ram/../../HalfLifeBlueShift/train/train/BET/img_00259.jpg,1
57,img_04028.jpg,/home/prakhar/Documents/CSE591/amasky-ram/../../HalfLifeBlueShift/train/train/BET/img_04028.jpg,1
58,img_06623.jpg,/home/prakhar/Documents/CSE591/amasky-ram/../../HalfLifeBlueShift/train/train/BET/img_06623.jpg,1
59,img_05194.jpg,/home/prakhar/Documents/CSE591/amasky-ram/../../HalfLifeBlueShift/train/train/BET/img_05194.jpg,1
60,img_07734.jpg,/home/prakhar/Documents/CSE591/amasky-ram/../../HalfLifeBlueShift/train/train/BET/img_07734.jpg,1
61,img_00531.jpg,/home/prakhar/Documents/CSE591/amasky-ram/../../HalfLifeBlueShift/train/train/BET/img_00531.jpg,1
62,img_03051.jpg,/home/prakhar/Documents/CSE591/amasky-ram/../../HalfLifeBlueShift/train/train/BET/img_03051.jpg,1
63,img_00583.jpg,/home/prakhar/Documents/CSE591/amasky-ram/../../HalfLifeBlueShift/train/train/BET/img_00583.jpg,1
64,img_01350.jpg,/home/prakhar/Documents/CSE591/amasky-ram/../../HalfLifeBlueShift/train/train/BET/img_01350.jpg,1
65,img_05728.jpg,/home/prakhar/Documents/CSE591/amasky-ram/../../HalfLifeBlueShift/train/train/BET/img_05728.jpg,1
66,img_05069.jpg,/home/prakhar/Documents/CSE591/amasky-ram/../../HalfLifeBlueShift/train/train/BET/img_05069.jpg,1
67,img_01351.jpg,/home/prakhar/Documents/CSE591/amasky-ram/../../HalfLifeBlueShift/train/train/BET/img_01351.jpg,1
68,img_07164.jpg,/home/prakhar/Documents/CSE591/amasky-ram/../../HalfLifeBlueShift/train/train/BET/img_07164.jpg,1
69,img_04619.jpg,/home/prakhar/Documents/CSE591/amasky-ram/../../HalfLifeBlueShift/train/train/BET/img_04619.jpg,1
70,img_02981.jpg,/home/prakhar/Documents/CSE591/amasky-ram/../../HalfLifeBlueShift/train/train/BET/img_02981.jpg,1
71,img_06384.jpg,/home/prakhar/Documents/CSE591/amasky-ram/../../HalfLifeBlueShift/train/train/BET/img_06384.jpg,1
72,img_05255.jpg,/home/prakhar/Documents/CSE591/amasky-ram/../../HalfLifeBlueShift/train/train/BET/img_05255.jpg,1
73,img_05369.jpg,/home/prakhar/Documents/CSE591/amasky-ram/../../HalfLifeBlueShift/train/train/BET/img_05369.jpg,1
74,img_06777.jpg,/home/prakhar/Documents/CSE591/amasky-ram/../../HalfLifeBlueShift/train/train/BET/img_06777.jpg,1
75,img_02097.jpg,/home/prakhar/Documents/CSE591/amasky-ram/../../HalfLifeBlueShift/train/train/BET/img_02097.jpg,1
76,img_00630.jpg,/home/prakhar/Documents/CSE591/amasky-ram/../../HalfLifeBlueShift/train/train/BET/img_00630.jpg,1
77,img_04972.jpg,/home/prakhar/Documents/CSE591/amasky-ram/../../HalfLifeBlueShift/train/train/BET/img_04972.jpg,1
78,img_05346.jpg,/home/prakhar/Documents/CSE591/amasky-ram/../../HalfLifeBlueShift/train/train/BET/img_05346.jpg,1
79,img_00888.jpg,/home/prakhar/Documents/CSE591/amasky-ram/../../HalfLifeBlueShift/train/train/BET/img_00888.jpg,1
80,img_06825.jpg,/home/prakhar/Documents/CSE591/amasky-ram/../../HalfLifeBlueShift/train/train/BET/img_06825.jpg,1
81,img_04670.jpg,/home/prakhar/Documents/CSE591/amasky-ram/../../HalfLifeBlueShift/train/train/BET/img_04670.jpg,1
82,img_07518.jpg,/home/prakhar/Documents/CSE591/amasky-ram/../../HalfLifeBlueShift/train/train/BET/img_07518.jpg,1
83,img_01696.jpg,/home/prakhar/Documents/CSE591/amasky-ram/../../HalfLifeBlueShift/train/train/BET/img_01696.jpg,1
84,img_04815.jpg,/home/prakhar/Documents/CSE591/amasky-ram/../../HalfLifeBlueShift/train/train/BET/img_04815.jpg,1
85,img_00771.jpg,/home/prakhar/Documents/CSE591/amasky-ram/../../HalfLifeBlueShift/train/train/BET/img_00771.jpg,1
86,img_02696.jpg,/home/prakhar/Documents/CSE591/amasky-ram/../../HalfLifeBlueShift/train/train/BET/img_02696.jpg,1
87,img_06827.jpg,/home/prakhar/Documents/CSE591/amasky-ram/../../HalfLifeBlueShift/train/train/BET/img_06827.jpg,1
88,img_02103.jpg,/home/prakhar/Documents/CSE591/amasky-ram/../../HalfLifeBlueShift/train/train/BET/img_02103.jpg,1
89,img_02138.jpg,/home/prakhar/Documents/CSE591/amasky-ram/../../HalfLifeBlueShift/train/train/BET/img_02138.jpg,1
90,img_04289.jpg,/home/prakhar/Documents/CSE591/amasky-ram/../../HalfLifeBlueShift/train/train/BET/img_04289.jpg,1
91,img_04464.jpg,/home/prakhar/Documents/CSE591/amasky-ram/../../HalfLifeBlueShift/train/train/BET/img_04464.jpg,1
92,img_03846.jpg,/home/prakhar/Documents/CSE591/amasky-ram/../../HalfLifeBlueShift/train/train/BET/img_03846.jpg,1
93,img_07015.jpg,/home/prakhar/Documents/CSE591/amasky-ram/../../HalfLifeBlueShift/train/train/BET/img_07015.jpg,1
94,img_05450.jpg,/home/prakhar/Documents/CSE591/amasky-ram/../../HalfLifeBlueShift/train/train/BET/img_05450.jpg,1
95,img_04989.jpg,/home/prakhar/Documents/CSE591/amasky-ram/../../HalfLifeBlueShift/train/train/BET/img_04989.jpg,1
96,img_01725.jpg,/home/prakhar/Documents/CSE591/amasky-ram/../../HalfLifeBlueShift/train/train/BET/img_01725.jpg,1
97,img_07311.jpg,/home/prakhar/Documents/CSE591/amasky-ram/../../HalfLifeBlueShift/train/train/BET/img_07311.jpg,1
98,img_01707.jpg,/home/prakhar/Documents/CSE591/amasky-ram/../../HalfLifeBlueShift/train/train/BET/img_01707.jpg,1
99,img_06867.jpg,/home/prakhar/Documents/CSE591/amasky-ram/../../HalfLifeBlueShift/train/train/BET/img_06867.jpg,1
100,img_05858.jpg,/home/prakhar/Documents/CSE591/amasky-ram/../../HalfLifeBlueShift/train/train/BET/img_05858.jpg,1
101,img_05841.jpg,/home/prakhar/Documents/CSE591/amasky-ram/../../HalfLifeBlueShift/train/train/BET/img_05841.jpg,1
102,img_01343.jpg,/home/prakhar/Documents/CSE591/amasky-ram/../../HalfLifeBlueShift/train/train/BET/img_01343.jpg,1
103,img_01002.jpg,/home/prakhar/Documents/CSE591/amasky-ram/../../HalfLifeBlueShift/train/train/BET/img_01002.jpg,1
104,img_03833.jpg,/home/prakhar/Documents/CSE591/amasky-ram/../../HalfLifeBlueShift/train/train/BET/img_03833.jpg,1
105,img_06636.jpg,/home/prakhar/Documents/CSE591/amasky-ram/../../HalfLifeBlueShift/train/train/BET/img_06636.jpg,1
106,img_05561.jpg,/home/prakhar/Documents/CSE591/amasky-ram/../../HalfLifeBlueShift/train/train/BET/img_05561.jpg,1
107,img_02736.jpg,/home/prakhar/Documents/CSE591/amasky-ram/../../HalfLifeBlueShift/train/train/BET/img_02736.jpg,1
108,img_06277.jpg,/home/prakhar/Documents/CSE591/amasky-ram/../../HalfLifeBlueShift/train/train/BET/img_06277.jpg,1
109,img_02742.jpg,/home/prakhar/Documents/CSE591/amasky-ram/../../HalfLifeBlueShift/train/train/BET/img_02742.jpg,1
110,img_03918.jpg,/home/prakhar/Documents/CSE591/amasky-ram/../../HalfLifeBlueShift/train/train/BET/img_03918.jpg,1
111,img_06983.jpg,/home/prakhar/Documents/CSE591/amasky-ram/../../HalfLifeBlueShift/train/train/BET/img_06983.jpg,1
112,img_01933.jpg,/home/prakhar/Documents/CSE591/amasky-ram/../../HalfLifeBlueShift/train/train/BET/img_01933.jpg,1
113,img_02128.jpg,/home/prakhar/Documents/CSE591/amasky-ram/../../HalfLifeBlueShift/train/train/BET/img_02128.jpg,1
114,img_04304.jpg,/home/prakhar/Documents/CSE591/amasky-ram/../../HalfLifeBlueShift/train/train/BET/img_04304.jpg,1
115,img_04568.jpg,/home/prakhar/Documents/CSE591/amasky-ram/../../HalfLifeBlueShift/train/train/BET/img_04568.jpg,1
116,img_06575.jpg,/home/prakhar/Documents/CSE591/amasky-ram/../../HalfLifeBlueShift/train/train/BET/img_06575.jpg,1
117,img_00379.jpg,/home/prakhar/Documents/CSE591/amasky-ram/../../HalfLifeBlueShift/train/train/BET/img_00379.jpg,1
118,img_02967.jpg,/home/prakhar/Documents/CSE591/amasky-ram/../../HalfLifeBlueShift/train/train/BET/img_02967.jpg,1
119,img_03759.jpg,/home/prakhar/Documents/CSE591/amasky-ram/../../HalfLifeBlueShift/train/train/BET/img_03759.jpg,1
120,img_01440.jpg,/home/prakhar/Documents/CSE591/amasky-ram/../../HalfLifeBlueShift/train/train/BET/img_01440.jpg,1
121,img_04039.jpg,/home/prakhar/Documents/CSE591/amasky-ram/../../HalfLifeBlueShift/train/train/BET/img_04039.jpg,1
122,img_06035.jpg,/home/prakhar/Documents/CSE591/amasky-ram/../../HalfLifeBlueShift/train/train/BET/img_06035.jpg,1
123,img_00883.jpg,/home/prakhar/Documents/CSE591/amasky-ram/../../HalfLifeBlueShift/train/train/BET/img_00883.jpg,1
124,img_05658.jpg,/home/prakhar/Documents/CSE591/amasky-ram/../../HalfLifeBlueShift/train/train/BET/img_05658.jpg,1
125,img_00158.jpg,/home/prakhar/Documents/CSE591/amasky-ram/../../HalfLifeBlueShift/train/train/BET/img_00158.jpg,1
126,img_04931.jpg,/home/prakhar/Documents/CSE591/amasky-ram/../../HalfLifeBlueShift/train/train/BET/img_04931.jpg,1
127,img_03347.jpg,/home/prakhar/Documents/CSE591/amasky-ram/../../HalfLifeBlueShift/train/train/BET/img_03347.jpg,1
128,img_02498.jpg,/home/prakhar/Documents/CSE591/amasky-ram/../../HalfLifeBlueShift/train/train/BET/img_02498.jpg,1
129,img_05848.jpg,/home/prakhar/Documents/CSE591/amasky-ram/../../HalfLifeBlueShift/train/train/BET/img_05848.jpg,1
130,img_06997.jpg,/home/prakhar/Documents/CSE591/amasky-ram/../../HalfLifeBlueShift/train/train/BET/img_06997.jpg,1
131,img_07440.jpg,/home/prakhar/Documents/CSE591/amasky-ram/../../HalfLifeBlueShift/train/train/BET/img_07440.jpg,1
132,img_00601.jpg,/home/prakhar/Documents/CSE591/amasky-ram/../../HalfLifeBlueShift/train/train/BET/img_00601.jpg,1
133,img_00321.jpg,/home/prakhar/Documents/CSE591/amasky-ram/../../HalfLifeBlueShift/train/train/BET/img_00321.jpg,1
134,img_00774.jpg,/home/prakhar/Documents/CSE591/amasky-ram/../../HalfLifeBlueShift/train/train/BET/img_00774.jpg,1
135,img_07795.jpg,/home/prakhar/Documents/CSE591/amasky-ram/../../HalfLifeBlueShift/train/train/BET/img_07795.jpg,1
136,img_02007.jpg,/home/prakhar/Documents/CSE591/amasky-ram/../../HalfLifeBlueShift/train/train/BET/img_02007.jpg,1
137,img_02358.jpg,/home/prakhar/Documents/CSE591/amasky-ram/../../HalfLifeBlueShift/train/train/BET/img_02358.jpg,1
138,img_01234.jpg,/home/prakhar/Documents/CSE591/amasky-ram/../../HalfLifeBlueShift/train/train/BET/img_01234.jpg,1
139,img_02195.jpg,/home/prakhar/Documents/CSE591/amasky-ram/../../HalfLifeBlueShift/train/train/BET/img_02195.jpg,1
140,img_01477.jpg,/home/prakhar/Documents/CSE591/amasky-ram/../../HalfLifeBlueShift/train/train/BET/img_01477.jpg,1
141,img_01915.jpg,/home/prakhar/Documents/CSE591/amasky-ram/../../HalfLifeBlueShift/train/train/BET/img_01915.jpg,1
142,img_07321.jpg,/home/prakhar/Documents/CSE591/amasky-ram/../../HalfLifeBlueShift/train/train/BET/img_07321.jpg,1
143,img_02343.jpg,/home/prakhar/Documents/CSE591/amasky-ram/../../HalfLifeBlueShift/train/train/BET/img_02343.jpg,1
144,img_07804.jpg,/home/prakhar/Documents/CSE591/amasky-ram/../../HalfLifeBlueShift/train/train/BET/img_07804.jpg,1
145,img_02168.jpg,/home/prakhar/Documents/CSE591/amasky-ram/../../HalfLifeBlueShift/train/train/BET/img_02168.jpg,1
146,img_00542.jpg,/home/prakhar/Documents/CSE591/amasky-ram/../../HalfLifeBlueShift/train/train/BET/img_00542.jpg,1
147,img_00107.jpg,/home/prakhar/Documents/CSE591/amasky-ram/../../HalfLifeBlueShift/train/train/BET/img_00107.jpg,1
148,img_07545.jpg,/home/prakhar/Documents/CSE591/amasky-ram/../../HalfLifeBlueShift/train/train/BET/img_07545.jpg,1
149,img_01166.jpg,/home/prakhar/Documents/CSE591/amasky-ram/../../HalfLifeBlueShift/train/train/BET/img_01166.jpg,1
150,img_01299.jpg,/home/prakhar/Documents/CSE591/amasky-ram/../../HalfLifeBlueShift/train/train/BET/img_01299.jpg,1
151,img_01264.jpg,/home/prakhar/Documents/CSE591/amasky-ram/../../HalfLifeBlueShift/train/train/BET/img_01264.jpg,1
152,img_05797.jpg,/home/prakhar/Documents/CSE591/amasky-ram/../../HalfLifeBlueShift/train/train/BET/img_05797.jpg,1
153,img_07007.jpg,/home/prakhar/Documents/CSE591/amasky-ram/../../HalfLifeBlueShift/train/train/BET/img_07007.jpg,1
154,img_05344.jpg,/home/prakhar/Documents/CSE591/amasky-ram/../../HalfLifeBlueShift/train/train/BET/img_05344.jpg,1
155,img_06776.jpg,/home/prakhar/Documents/CSE591/amasky-ram/../../HalfLifeBlueShift/train/train/BET/img_06776.jpg,1
156,img_03453.jpg,/home/prakhar/Documents/CSE591/amasky-ram/../../HalfLifeBlueShift/train/train/BET/img_03453.jpg,1
157,img_05314.jpg,/home/prakhar/Documents/CSE591/amasky-ram/../../HalfLifeBlueShift/train/train/BET/img_05314.jpg,1
158,img_03881.jpg,/home/prakhar/Documents/CSE591/amasky-ram/../../HalfLifeBlueShift/train/train/BET/img_03881.jpg,1
159,img_05262.jpg,/home/prakhar/Documents/CSE591/amasky-ram/../../HalfLifeBlueShift/train/train/BET/img_05262.jpg,1
160,img_05974.jpg,/home/prakhar/Documents/CSE591/amasky-ram/../../HalfLifeBlueShift/train/train/BET/img_05974.jpg,1
161,img_01943.jpg,/home/prakhar/Documents/CSE591/amasky-ram/../../HalfLifeBlueShift/train/train/BET/img_01943.jpg,1
162,img_03371.jpg,/home/prakhar/Documents/CSE591/amasky-ram/../../HalfLifeBlueShift/train/train/BET/img_03371.jpg,1
163,img_07410.jpg,/home/prakhar/Documents/CSE591/amasky-ram/../../HalfLifeBlueShift/train/train/BET/img_07410.jpg,1
164,img_05351.jpg,/home/prakhar/Documents/CSE591/amasky-ram/../../HalfLifeBlueShift/train/train/BET/img_05351.jpg,1
165,img_05110.jpg,/home/prakhar/Documents/CSE591/amasky-ram/../../HalfLifeBlueShift/train/train/BET/img_05110.jpg,1
166,img_04463.jpg,/home/prakhar/Documents/CSE591/amasky-ram/../../HalfLifeBlueShift/train/train/BET/img_04463.jpg,1
167,img_06453.jpg,/home/prakhar/Documents/CSE591/amasky-ram/../../HalfLifeBlueShift/train/train/BET/img_06453.jpg,1
168,img_06862.jpg,/home/prakhar/Documents/CSE591/amasky-ram/../../HalfLifeBlueShift/train/train/BET/img_06862.jpg,1
169,img_05240.jpg,/home/prakhar/Documents/CSE591/amasky-ram/../../HalfLifeBlueShift/train/train/BET/img_05240.jpg,1
170,img_07059.jpg,/home/prakhar/Documents/CSE591/amasky-ram/../../HalfLifeBlueShift/train/train/BET/img_07059.jpg,1
171,img_04033.jpg,/home/prakhar/Documents/CSE591/amasky-ram/../../HalfLifeBlueShift/train/train/BET/img_04033.jpg,1
172,img_06287.jpg,/home/prakhar/Documents/CSE591/amasky-ram/../../HalfLifeBlueShift/train/train/BET/img_06287.jpg,1
173,img_06772.jpg,/home/prakhar/Documents/CSE591/amasky-ram/../../HalfLifeBlueShift/train/train/BET/img_06772.jpg,1
174,img_00231.jpg,/home/prakhar/Documents/CSE591/amasky-ram/../../HalfLifeBlueShift/train/train/BET/img_00231.jpg,1
175,img_03315.jpg,/home/prakhar/Documents/CSE591/amasky-ram/../../HalfLifeBlueShift/train/train/BET/img_03315.jpg,1
176,img_04327.jpg,/home/prakhar/Documents/CSE591/amasky-ram/../../HalfLifeBlueShift/train/train/BET/img_04327.jpg,1
177,img_03817.jpg,/home/prakhar/Documents/CSE591/amasky-ram/../../HalfLifeBlueShift/train/train/BET/img_03817.jpg,1
178,img_04718.jpg,/home/prakhar/Documents/CSE591/amasky-ram/../../HalfLifeBlueShift/train/train/BET/img_04718.jpg,1
179,img_01118.jpg,/home/prakhar/Documents/CSE591/amasky-ram/../../HalfLifeBlueShift/train/train/BET/img_01118.jpg,1
180,img_04938.jpg,/home/prakhar/Documents/CSE591/amasky-ram/../../HalfLifeBlueShift/train/train/BET/img_04938.jpg,1
181,img_07378.jpg,/home/prakhar/Documents/CSE591/amasky-ram/../../HalfLifeBlueShift/train/train/BET/img_07378.jpg,1
182,img_07579.jpg,/home/prakhar/Documents/CSE591/amasky-ram/../../HalfLifeBlueShift/train/train/BET/img_07579.jpg,1
183,img_02969.jpg,/home/prakhar/Documents/CSE591/amasky-ram/../../HalfLifeBlueShift/train/train/BET/img_02969.jpg,1
184,img_00363.jpg,/home/prakhar/Documents/CSE591/amasky-ram/../../HalfLifeBlueShift/train/train/BET/img_00363.jpg,1
185,img_01003.jpg,/home/prakhar/Documents/CSE591/amasky-ram/../../HalfLifeBlueShift/train/train/BET/img_01003.jpg,1
186,img_01450.jpg,/home/prakhar/Documents/CSE591/amasky-ram/../../HalfLifeBlueShift/train/train/BET/img_01450.jpg,1
187,img_01668.jpg,/home/prakhar/Documents/CSE591/amasky-ram/../../HalfLifeBlueShift/train/train/BET/img_01668.jpg,1
188,img_02196.jpg,/home/prakhar/Documents/CSE591/amasky-ram/../../HalfLifeBlueShift/train/train/BET/img_02196.jpg,1
189,img_00225.jpg,/home/prakhar/Documents/CSE591/amasky-ram/../../HalfLifeBlueShift/train/train/BET/img_00225.jpg,1
190,img_03184.jpg,/home/prakhar/Documents/CSE591/amasky-ram/../../HalfLifeBlueShift/train/train/BET/img_03184.jpg,1
191,img_00732.jpg,/home/prakhar/Documents/CSE591/amasky-ram/../../HalfLifeBlueShift/train/train/BET/img_00732.jpg,1
192,img_01481.jpg,/home/prakhar/Documents/CSE591/amasky-ram/../../HalfLifeBlueShift/train/train/BET/img_01481.jpg,1
193,img_04179.jpg,/home/prakhar/Documents/CSE591/amasky-ram/../../HalfLifeBlueShift/train/train/BET/img_04179.jpg,1
194,img_01218.jpg,/home/prakhar/Documents/CSE591/amasky-ram/../../HalfLifeBlueShift/train/train/BET/img_01218.jpg,1
195,img_04042.jpg,/home/prakhar/Documents/CSE591/amasky-ram/../../HalfLifeBlueShift/train/train/BET/img_04042.jpg,1
196,img_01905.jpg,/home/prakhar/Documents/CSE591/amasky-ram/../../HalfLifeBlueShift/train/train/BET/img_01905.jpg,1
197,img_04158.jpg,/home/prakhar/Documents/CSE591/amasky-ram/../../HalfLifeBlueShift/train/train/BET/img_04158.jpg,1
198,img_04022.jpg,/home/prakhar/Documents/CSE591/amasky-ram/../../HalfLifeBlueShift/train/train/BET/img_04022.jpg,1
199,img_06542.jpg,/home/prakhar/Documents/CSE591/amasky-ram/../../HalfLifeBlueShift/train/train/BET/img_06542.jpg,1
200,img_07056.jpg,/home/prakhar/Documents/CSE591/amasky-ram/../../HalfLifeBlueShift/train/train/SHARK/img_07056.jpg,6
201,img_02080.jpg,/home/prakhar/Documents/CSE591/amasky-ram/../../HalfLifeBlueShift/train/train/SHARK/img_02080.jpg,6
202,img_04682.jpg,/home/prakhar/Documents/CSE591/amasky-ram/../../HalfLifeBlueShift/train/train/SHARK/img_04682.jpg,6
203,img_06821.jpg,/home/prakhar/Documents/CSE591/amasky-ram/../../HalfLifeBlueShift/train/train/SHARK/img_06821.jpg,6
204,img_07221.jpg,/home/prakhar/Documents/CSE591/amasky-ram/../../HalfLifeBlueShift/train/train/SHARK/img_07221.jpg,6
205,img_02169.jpg,/home/prakhar/Documents/CSE591/amasky-ram/../../HalfLifeBlueShift/train/train/SHARK/img_02169.jpg,6
206,img_07080.jpg,/home/prakhar/Documents/CSE591/amasky-ram/../../HalfLifeBlueShift/train/train/SHARK/img_07080.jpg,6
207,img_05942.jpg,/home/prakhar/Documents/CSE591/amasky-ram/../../HalfLifeBlueShift/train/train/SHARK/img_05942.jpg,6
208,img_03791.jpg,/home/prakhar/Documents/CSE591/amasky-ram/../../HalfLifeBlueShift/train/train/SHARK/img_03791.jpg,6
209,img_03962.jpg,/home/prakhar/Documents/CSE591/amasky-ram/../../HalfLifeBlueShift/train/train/SHARK/img_03962.jpg,6
210,img_06124.jpg,/home/prakhar/Documents/CSE591/amasky-ram/../../HalfLifeBlueShift/train/train/SHARK/img_06124.jpg,6
211,img_03241.jpg,/home/prakhar/Documents/CSE591/amasky-ram/../../HalfLifeBlueShift/train/train/SHARK/img_03241.jpg,6
212,img_02718.jpg,/home/prakhar/Documents/CSE591/amasky-ram/../../HalfLifeBlueShift/train/train/SHARK/img_02718.jpg,6
213,img_03983.jpg,/home/prakhar/Documents/CSE591/amasky-ram/../../HalfLifeBlueShift/train/train/SHARK/img_03983.jpg,6
214,img_06118.jpg,/home/prakhar/Documents/CSE591/amasky-ram/../../HalfLifeBlueShift/train/train/SHARK/img_06118.jpg,6
215,img_02088.jpg,/home/prakhar/Documents/CSE591/amasky-ram/../../HalfLifeBlueShift/train/train/SHARK/img_02088.jpg,6
216,img_07022.jpg,/home/prakhar/Documents/CSE591/amasky-ram/../../HalfLifeBlueShift/train/train/SHARK/img_07022.jpg,6
217,img_05762.jpg,/home/prakhar/Documents/CSE591/amasky-ram/../../HalfLifeBlueShift/train/train/SHARK/img_05762.jpg,6
218,img_07533.jpg,/home/prakhar/Documents/CSE591/amasky-ram/../../HalfLifeBlueShift/train/train/SHARK/img_07533.jpg,6
219,img_05873.jpg,/home/prakhar/Documents/CSE591/amasky-ram/../../HalfLifeBlueShift/train/train/SHARK/img_05873.jpg,6
220,img_04050.jpg,/home/prakhar/Documents/CSE591/amasky-ram/../../HalfLifeBlueShift/train/train/SHARK/img_04050.jpg,6
221,img_06786.jpg,/home/prakhar/Documents/CSE591/amasky-ram/../../HalfLifeBlueShift/train/train/SHARK/img_06786.jpg,6
222,img_03170.jpg,/home/prakhar/Documents/CSE591/amasky-ram/../../HalfLifeBlueShift/train/train/SHARK/img_03170.jpg,6
223,img_07661.jpg,/home/prakhar/Documents/CSE591/amasky-ram/../../HalfLifeBlueShift/train/train/SHARK/img_07661.jpg,6
224,img_05126.jpg,/home/prakhar/Documents/CSE591/amasky-ram/../../HalfLifeBlueShift/train/train/SHARK/img_05126.jpg,6
225,img_02095.jpg,/home/prakhar/Documents/CSE591/amasky-ram/../../HalfLifeBlueShift/train/train/SHARK/img_02095.jpg,6
226,img_04235.jpg,/home/prakhar/Documents/CSE591/amasky-ram/../../HalfLifeBlueShift/train/train/SHARK/img_04235.jpg,6
227,img_05399.jpg,/home/prakhar/Documents/CSE591/amasky-ram/../../HalfLifeBlueShift/train/train/SHARK/img_05399.jpg,6
228,img_01820.jpg,/home/prakhar/Documents/CSE591/amasky-ram/../../HalfLifeBlueShift/train/train/SHARK/img_01820.jpg,6
229,img_01759.jpg,/home/prakhar/Documents/CSE591/amasky-ram/../../HalfLifeBlueShift/train/train/SHARK/img_01759.jpg,6
230,img_00510.jpg,/home/prakhar/Documents/CSE591/amasky-ram/../../HalfLifeBlueShift/train/train/SHARK/img_00510.jpg,6
231,img_01342.jpg,/home/prakhar/Documents/CSE591/amasky-ram/../../HalfLifeBlueShift/train/train/SHARK/img_01342.jpg,6
232,img_06881.jpg,/home/prakhar/Documents/CSE591/amasky-ram/../../HalfLifeBlueShift/train/train/SHARK/img_06881.jpg,6
233,img_04343.jpg,/home/prakhar/Documents/CSE591/amasky-ram/../../HalfLifeBlueShift/train/train/SHARK/img_04343.jpg,6
234,img_04535.jpg,/home/prakhar/Documents/CSE591/amasky-ram/../../HalfLifeBlueShift/train/train/SHARK/img_04535.jpg,6
235,img_00265.jpg,/home/prakhar/Documents/CSE591/amasky-ram/../../HalfLifeBlueShift/train/train/SHARK/img_00265.jpg,6
236,img_01546.jpg,/home/prakhar/Documents/CSE591/amasky-ram/../../HalfLifeBlueShift/train/train/SHARK/img_01546.jpg,6
237,img_03770.jpg,/home/prakhar/Documents/CSE591/amasky-ram/../../HalfLifeBlueShift/train/train/SHARK/img_03770.jpg,6
238,img_05887.jpg,/home/prakhar/Documents/CSE591/amasky-ram/../../HalfLifeBlueShift/train/train/SHARK/img_05887.jpg,6
239,img_04245.jpg,/home/prakhar/Documents/CSE591/amasky-ram/../../HalfLifeBlueShift/train/train/SHARK/img_04245.jpg,6
240,img_05019.jpg,/home/prakhar/Documents/CSE591/amasky-ram/../../HalfLifeBlueShift/train/train/SHARK/img_05019.jpg,6
241,img_06595.jpg,/home/prakhar/Documents/CSE591/amasky-ram/../../HalfLifeBlueShift/train/train/SHARK/img_06595.jpg,6
242,img_02260.jpg,/home/prakhar/Documents/CSE591/amasky-ram/../../HalfLifeBlueShift/train/train/SHARK/img_02260.jpg,6
243,img_00391.jpg,/home/prakhar/Documents/CSE591/amasky-ram/../../HalfLifeBlueShift/train/train/SHARK/img_00391.jpg,6
244,img_00427.jpg,/home/prakhar/Documents/CSE591/amasky-ram/../../HalfLifeBlueShift/train/train/SHARK/img_00427.jpg,6
245,img_06303.jpg,/home/prakhar/Documents/CSE591/amasky-ram/../../HalfLifeBlueShift/train/train/SHARK/img_06303.jpg,6
246,img_04855.jpg,/home/prakhar/Documents/CSE591/amasky-ram/../../HalfLifeBlueShift/train/train/SHARK/img_04855.jpg,6
247,img_03971.jpg,/home/prakhar/Documents/CSE591/amasky-ram/../../HalfLifeBlueShift/train/train/SHARK/img_03971.jpg,6
248,img_00736.jpg,/home/prakhar/Documents/CSE591/amasky-ram/../../HalfLifeBlueShift/train/train/SHARK/img_00736.jpg,6
249,img_05872.jpg,/home/prakhar/Documents/CSE591/amasky-ram/../../HalfLifeBlueShift/train/train/SHARK/img_05872.jpg,6
250,img_06956.jpg,/home/prakhar/Documents/CSE591/amasky-ram/../../HalfLifeBlueShift/train/train/SHARK/img_06956.jpg,6
251,img_05579.jpg,/home/prakhar/Documents/CSE591/amasky-ram/../../HalfLifeBlueShift/train/train/SHARK/img_05579.jpg,6
252,img_01061.jpg,/home/prakhar/Documents/CSE591/amasky-ram/../../HalfLifeBlueShift/train/train/SHARK/img_01061.jpg,6
253,img_05327.jpg,/home/prakhar/Documents/CSE591/amasky-ram/../../HalfLifeBlueShift/train/train/SHARK/img_05327.jpg,6
254,img_06410.jpg,/home/prakhar/Documents/CSE591/amasky-ram/../../HalfLifeBlueShift/train/train/SHARK/img_06410.jpg,6
255,img_00703.jpg,/home/prakhar/Documents/CSE591/amasky-ram/../../HalfLifeBlueShift/train/train/SHARK/img_00703.jpg,6
256,img_01572.jpg,/home/prakhar/Documents/CSE591/amasky-ram/../../HalfLifeBlueShift/train/train/SHARK/img_01572.jpg,6
257,img_05231.jpg,/home/prakhar/Documents/CSE591/amasky-ram/../../HalfLifeBlueShift/train/train/SHARK/img_05231.jpg,6
258,img_01432.jpg,/home/prakhar/Documents/CSE591/amasky-ram/../../HalfLifeBlueShift/train/train/SHARK/img_01432.jpg,6
259,img_04177.jpg,/home/prakhar/Documents/CSE591/amasky-ram/../../HalfLifeBlueShift/train/train/SHARK/img_04177.jpg,6
260,img_03712.jpg,/home/prakhar/Documents/CSE591/amasky-ram/../../HalfLifeBlueShift/train/train/SHARK/img_03712.jpg,6
261,img_03976.jpg,/home/prakhar/Documents/CSE591/amasky-ram/../../HalfLifeBlueShift/train/train/SHARK/img_03976.jpg,6
262,img_04359.jpg,/home/prakhar/Documents/CSE591/amasky-ram/../../HalfLifeBlueShift/train/train/SHARK/img_04359.jpg,6
263,img_05366.jpg,/home/prakhar/Documents/CSE591/amasky-ram/../../HalfLifeBlueShift/train/train/SHARK/img_05366.jpg,6
264,img_03525.jpg,/home/prakhar/Documents/CSE591/amasky-ram/../../HalfLifeBlueShift/train/train/SHARK/img_03525.jpg,6
265,img_04910.jpg,/home/prakhar/Documents/CSE591/amasky-ram/../../HalfLifeBlueShift/train/train/SHARK/img_04910.jpg,6
266,img_00600.jpg,/home/prakhar/Documents/CSE591/amasky-ram/../../HalfLifeBlueShift/train/train/SHARK/img_00600.jpg,6
267,img_06523.jpg,/home/prakhar/Documents/CSE591/amasky-ram/../../HalfLifeBlueShift/train/train/SHARK/img_06523.jpg,6
268,img_01780.jpg,/home/prakhar/Documents/CSE591/amasky-ram/../../HalfLifeBlueShift/train/train/SHARK/img_01780.jpg,6
269,img_03148.jpg,/home/prakhar/Documents/CSE591/amasky-ram/../../HalfLifeBlueShift/train/train/SHARK/img_03148.jpg,6
270,img_05257.jpg,/home/prakhar/Documents/CSE591/amasky-ram/../../HalfLifeBlueShift/train/train/SHARK/img_05257.jpg,6
271,img_07841.jpg,/home/prakhar/Documents/CSE591/amasky-ram/../../HalfLifeBlueShift/train/train/SHARK/img_07841.jpg,6
272,img_04110.jpg,/home/prakhar/Documents/CSE591/amasky-ram/../../HalfLifeBlueShift/train/train/SHARK/img_04110.jpg,6
273,img_03117.jpg,/home/prakhar/Documents/CSE591/amasky-ram/../../HalfLifeBlueShift/train/train/SHARK/img_03117.jpg,6
274,img_00235.jpg,/home/prakhar/Documents/CSE591/amasky-ram/../../HalfLifeBlueShift/train/train/SHARK/img_00235.jpg,6
275,img_01942.jpg,/home/prakhar/Documents/CSE591/amasky-ram/../../HalfLifeBlueShift/train/train/SHARK/img_01942.jpg,6
276,img_02987.jpg,/home/prakhar/Documents/CSE591/amasky-ram/../../HalfLifeBlueShift/train/train/SHARK/img_02987.jpg,6
277,img_02094.jpg,/home/prakhar/Documents/CSE591/amasky-ram/../../HalfLifeBlueShift/train/train/SHARK/img_02094.jpg,6
278,img_02176.jpg,/home/prakhar/Documents/CSE591/amasky-ram/../../HalfLifeBlueShift/train/train/SHARK/img_02176.jpg,6
279,img_02557.jpg,/home/prakhar/Documents/CSE591/amasky-ram/../../HalfLifeBlueShift/train/train/SHARK/img_02557.jpg,6
280,img_06082.jpg,/home/prakhar/Documents/CSE591/amasky-ram/../../HalfLifeBlueShift/train/train/SHARK/img_06082.jpg,6
281,img_04161.jpg,/home/prakhar/Documents/CSE591/amasky-ram/../../HalfLifeBlueShift/train/train/SHARK/img_04161.jpg,6
282,img_00072.jpg,/home/prakhar/Documents/CSE591/amasky-ram/../../HalfLifeBlueShift/train/train/SHARK/img_00072.jpg,6
283,img_06847.jpg,/home/prakhar/Documents/CSE591/amasky-ram/../../HalfLifeBlueShift/train/train/SHARK/img_06847.jpg,6
284,img_07860.jpg,/home/prakhar/Documents/CSE591/amasky-ram/../../HalfLifeBlueShift/train/train/SHARK/img_07860.jpg,6
285,img_02114.jpg,/home/prakhar/Documents/CSE591/amasky-ram/../../HalfLifeBlueShift/train/train/SHARK/img_02114.jpg,6
286,img_06444.jpg,/home/prakhar/Documents/CSE591/amasky-ram/../../HalfLifeBlueShift/train/train/SHARK/img_06444.jpg,6
287,img_07484.jpg,/home/prakhar/Documents/CSE591/amasky-ram/../../HalfLifeBlueShift/train/train/SHARK/img_07484.jpg,6
288,img_07414.jpg,/home/prakhar/Documents/CSE591/amasky-ram/../../HalfLifeBlueShift/train/train/SHARK/img_07414.jpg,6
289,img_02790.jpg,/home/prakhar/Documents/CSE591/amasky-ram/../../HalfLifeBlueShift/train/train/SHARK/img_02790.jpg,6
290,img_00903.jpg,/home/prakhar/Documents/CSE591/amasky-ram/../../HalfLifeBlueShift/train/train/SHARK/img_00903.jpg,6
291,img_01795.jpg,/home/prakhar/Documents/CSE591/amasky-ram/../../HalfLifeBlueShift/train/train/SHARK/img_01795.jpg,6
292,img_06677.jpg,/home/prakhar/Documents/CSE591/amasky-ram/../../HalfLifeBlueShift/train/train/SHARK/img_06677.jpg,6
293,img_06448.jpg,/home/prakhar/Documents/CSE591/amasky-ram/../../HalfLifeBlueShift/train/train/SHARK/img_06448.jpg,6
294,img_04618.jpg,/home/prakhar/Documents/CSE591/amasky-ram/../../HalfLifeBlueShift/train/train/SHARK/img_04618.jpg,6
295,img_05532.jpg,/home/prakhar/Documents/CSE591/amasky-ram/../../HalfLifeBlueShift/train/train/SHARK/img_05532.jpg,6
296,img_06903.jpg,/home/prakhar/Documents/CSE591/amasky-ram/../../HalfLifeBlueShift/train/train/SHARK/img_06903.jpg,6
297,img_04650.jpg,/home/prakhar/Documents/CSE591/amasky-ram/../../HalfLifeBlueShift/train/train/SHARK/img_04650.jpg,6
298,img_06013.jpg,/home/prakhar/Documents/CSE591/amasky-ram/../../HalfLifeBlueShift/train/train/SHARK/img_06013.jpg,6
299,img_01324.jpg,/home/prakhar/Documents/CSE591/amasky-ram/../../HalfLifeBlueShift/train/train/SHARK/img_01324.jpg,6
300,img_00245.jpg,/home/prakhar/Documents/CSE591/amasky-ram/../../HalfLifeBlueShift/train/train/SHARK/img_00245.jpg,6
301,img_02224.jpg,/home/prakhar/Documents/CSE591/amasky-ram/../../HalfLifeBlueShift/train/train/SHARK/img_02224.jpg,6
302,img_07498.jpg,/home/prakhar/Documents/CSE591/amasky-ram/../../HalfLifeBlueShift/train/train/SHARK/img_07498.jpg,6
303,img_02348.jpg,/home/prakhar/Documents/CSE591/amasky-ram/../../HalfLifeBlueShift/train/train/SHARK/img_02348.jpg,6
304,img_02087.jpg,/home/prakhar/Documents/CSE591/amasky-ram/../../HalfLifeBlueShift/train/train/SHARK/img_02087.jpg,6
305,img_02944.jpg,/home/prakhar/Documents/CSE591/amasky-ram/../../HalfLifeBlueShift/train/train/SHARK/img_02944.jpg,6
306,img_04854.jpg,/home/prakhar/Documents/CSE591/amasky-ram/../../HalfLifeBlueShift/train/train/SHARK/img_04854.jpg,6
307,img_02478.jpg,/home/prakhar/Documents/CSE591/amasky-ram/../../HalfLifeBlueShift/train/train/SHARK/img_02478.jpg,6
308,img_04857.jpg,/home/prakhar/Documents/CSE591/amasky-ram/../../HalfLifeBlueShift/train/train/SHARK/img_04857.jpg,6
309,img_07003.jpg,/home/prakhar/Documents/CSE591/amasky-ram/../../HalfLifeBlueShift/train/train/SHARK/img_07003.jpg,6
310,img_07556.jpg,/home/prakhar/Documents/CSE591/amasky-ram/../../HalfLifeBlueShift/train/train/SHARK/img_07556.jpg,6
311,img_07282.jpg,/home/prakhar/Documents/CSE591/amasky-ram/../../HalfLifeBlueShift/train/train/SHARK/img_07282.jpg,6
312,img_07392.jpg,/home/prakhar/Documents/CSE591/amasky-ram/../../HalfLifeBlueShift/train/train/SHARK/img_07392.jpg,6
313,img_03507.jpg,/home/prakhar/Documents/CSE591/amasky-ram/../../HalfLifeBlueShift/train/train/SHARK/img_03507.jpg,6
314,img_00096.jpg,/home/prakhar/Documents/CSE591/amasky-ram/../../HalfLifeBlueShift/train/train/SHARK/img_00096.jpg,6
315,img_03385.jpg,/home/prakhar/Documents/CSE591/amasky-ram/../../HalfLifeBlueShift/train/train/SHARK/img_03385.jpg,6
316,img_05249.jpg,/home/prakhar/Documents/CSE591/amasky-ram/../../HalfLifeBlueShift/train/train/SHARK/img_05249.jpg,6
317,img_01524.jpg,/home/prakhar/Documents/CSE591/amasky-ram/../../HalfLifeBlueShift/train/train/SHARK/img_01524.jpg,6
318,img_06006.jpg,/home/prakhar/Documents/CSE591/amasky-ram/../../HalfLifeBlueShift/train/train/SHARK/img_06006.jpg,6
319,img_01986.jpg,/home/prakhar/Documents/CSE591/amasky-ram/../../HalfLifeBlueShift/train/train/SHARK/img_01986.jpg,6
320,img_02271.jpg,/home/prakhar/Documents/CSE591/amasky-ram/../../HalfLifeBlueShift/train/train/SHARK/img_02271.jpg,6
321,img_01406.jpg,/home/prakhar/Documents/CSE591/amasky-ram/../../HalfLifeBlueShift/train/train/SHARK/img_01406.jpg,6
322,img_04837.jpg,/home/prakhar/Documents/CSE591/amasky-ram/../../HalfLifeBlueShift/train/train/SHARK/img_04837.jpg,6
323,img_06474.jpg,/home/prakhar/Documents/CSE591/amasky-ram/../../HalfLifeBlueShift/train/train/SHARK/img_06474.jpg,6
324,img_06913.jpg,/home/prakhar/Documents/CSE591/amasky-ram/../../HalfLifeBlueShift/train/train/SHARK/img_06913.jpg,6
325,img_04131.jpg,/home/prakhar/Documents/CSE591/amasky-ram/../../HalfLifeBlueShift/train/train/SHARK/img_04131.jpg,6
326,img_02732.jpg,/home/prakhar/Documents/CSE591/amasky-ram/../../HalfLifeBlueShift/train/train/SHARK/img_02732.jpg,6
327,img_05391.jpg,/home/prakhar/Documents/CSE591/amasky-ram/../../HalfLifeBlueShift/train/train/SHARK/img_05391.jpg,6
328,img_02259.jpg,/home/prakhar/Documents/CSE591/amasky-ram/../../HalfLifeBlueShift/train/train/SHARK/img_02259.jpg,6
329,img_00560.jpg,/home/prakhar/Documents/CSE591/amasky-ram/../../HalfLifeBlueShift/train/train/SHARK/img_00560.jpg,6
330,img_04819.jpg,/home/prakhar/Documents/CSE591/amasky-ram/../../HalfLifeBlueShift/train/train/SHARK/img_04819.jpg,6
331,img_03353.jpg,/home/prakhar/Documents/CSE591/amasky-ram/../../HalfLifeBlueShift/train/train/SHARK/img_03353.jpg,6
332,img_00409.jpg,/home/prakhar/Documents/CSE591/amasky-ram/../../HalfLifeBlueShift/train/train/SHARK/img_00409.jpg,6
333,img_01881.jpg,/home/prakhar/Documents/CSE591/amasky-ram/../../HalfLifeBlueShift/train/train/SHARK/img_01881.jpg,6
334,img_02867.jpg,/home/prakhar/Documents/CSE591/amasky-ram/../../HalfLifeBlueShift/train/train/SHARK/img_02867.jpg,6
335,img_03305.jpg,/home/prakhar/Documents/CSE591/amasky-ram/../../HalfLifeBlueShift/train/train/SHARK/img_03305.jpg,6
336,img_06467.jpg,/home/prakhar/Documents/CSE591/amasky-ram/../../HalfLifeBlueShift/train/train/SHARK/img_06467.jpg,6
337,img_02624.jpg,/home/prakhar/Documents/CSE591/amasky-ram/../../HalfLifeBlueShift/train/train/SHARK/img_02624.jpg,6
338,img_04710.jpg,/home/prakhar/Documents/CSE591/amasky-ram/../../HalfLifeBlueShift/train/train/SHARK/img_04710.jpg,6
339,img_05519.jpg,/home/prakhar/Documents/CSE591/amasky-ram/../../HalfLifeBlueShift/train/train/SHARK/img_05519.jpg,6
340,img_00685.jpg,/home/prakhar/Documents/CSE591/amasky-ram/../../HalfLifeBlueShift/train/train/SHARK/img_00685.jpg,6
341,img_06686.jpg,/home/prakhar/Documents/CSE591/amasky-ram/../../HalfLifeBlueShift/train/train/SHARK/img_06686.jpg,6
342,img_01182.jpg,/home/prakhar/Documents/CSE591/amasky-ram/../../HalfLifeBlueShift/train/train/SHARK/img_01182.jpg,6
343,img_03351.jpg,/home/prakhar/Documents/CSE591/amasky-ram/../../HalfLifeBlueShift/train/train/SHARK/img_03351.jpg,6
344,img_00365.jpg,/home/prakhar/Documents/CSE591/amasky-ram/../../HalfLifeBlueShift/train/train/SHARK/img_00365.jpg,6
345,img_06590.jpg,/home/prakhar/Documents/CSE591/amasky-ram/../../HalfLifeBlueShift/train/train/SHARK/img_06590.jpg,6
346,img_05504.jpg,/home/prakhar/Documents/CSE591/amasky-ram/../../HalfLifeBlueShift/train/train/SHARK/img_05504.jpg,6
347,img_01916.jpg,/home/prakhar/Documents/CSE591/amasky-ram/../../HalfLifeBlueShift/train/train/SHARK/img_01916.jpg,6
348,img_05685.jpg,/home/prakhar/Documents/CSE591/amasky-ram/../../HalfLifeBlueShift/train/train/SHARK/img_05685.jpg,6
349,img_03168.jpg,/home/prakhar/Documents/CSE591/amasky-ram/../../HalfLifeBlueShift/train/train/SHARK/img_03168.jpg,6
350,img_00478.jpg,/home/prakhar/Documents/CSE591/amasky-ram/../../HalfLifeBlueShift/train/train/SHARK/img_00478.jpg,6
351,img_00247.jpg,/home/prakhar/Documents/CSE591/amasky-ram/../../HalfLifeBlueShift/train/train/SHARK/img_00247.jpg,6
352,img_02558.jpg,/home/prakhar/Documents/CSE591/amasky-ram/../../HalfLifeBlueShift/train/train/SHARK/img_02558.jpg,6
353,img_06537.jpg,/home/prakhar/Documents/CSE591/amasky-ram/../../HalfLifeBlueShift/train/train/SHARK/img_06537.jpg,6
354,img_07857.jpg,/home/prakhar/Documents/CSE591/amasky-ram/../../HalfLifeBlueShift/train/train/SHARK/img_07857.jpg,6
355,img_06220.jpg,/home/prakhar/Documents/CSE591/amasky-ram/../../HalfLifeBlueShift/train/train/SHARK/img_06220.jpg,6
356,img_03131.jpg,/home/prakhar/Documents/CSE591/amasky-ram/../../HalfLifeBlueShift/train/train/SHARK/img_03131.jpg,6
357,img_06493.jpg,/home/prakhar/Documents/CSE591/amasky-ram/../../HalfLifeBlueShift/train/train/SHARK/img_06493.jpg,6
358,img_06163.jpg,/home/prakhar/Documents/CSE591/amasky-ram/../../HalfLifeBlueShift/train/train/SHARK/img_06163.jpg,6
359,img_04791.jpg,/home/prakhar/Documents/CSE591/amasky-ram/../../HalfLifeBlueShift/train/train/SHARK/img_04791.jpg,6
360,img_02744.jpg,/home/prakhar/Documents/CSE591/amasky-ram/../../HalfLifeBlueShift/train/train/SHARK/img_02744.jpg,6
361,img_06385.jpg,/home/prakhar/Documents/CSE591/amasky-ram/../../HalfLifeBlueShift/train/train/SHARK/img_06385.jpg,6
362,img_01161.jpg,/home/prakhar/Documents/CSE591/amasky-ram/../../HalfLifeBlueShift/train/train/SHARK/img_01161.jpg,6
363,img_03521.jpg,/home/prakhar/Documents/CSE591/amasky-ram/../../HalfLifeBlueShift/train/train/SHARK/img_03521.jpg,6
364,img_00033.jpg,/home/prakhar/Documents/CSE591/amasky-ram/../../HalfLifeBlueShift/train/train/SHARK/img_00033.jpg,6
365,img_04170.jpg,/home/prakhar/Documents/CSE591/amasky-ram/../../HalfLifeBlueShift/train/train/SHARK/img_04170.jpg,6
366,img_03057.jpg,/home/prakhar/Documents/CSE591/amasky-ram/../../HalfLifeBlueShift/train/train/SHARK/img_03057.jpg,6
367,img_01298.jpg,/home/prakhar/Documents/CSE591/amasky-ram/../../HalfLifeBlueShift/train/train/SHARK/img_01298.jpg,6
368,img_06000.jpg,/home/prakhar/Documents/CSE591/amasky-ram/../../HalfLifeBlueShift/train/train/SHARK/img_06000.jpg,6
369,img_01307.jpg,/home/prakhar/Documents/CSE591/amasky-ram/../../HalfLifeBlueShift/train/train/SHARK/img_01307.jpg,6
370,img_07473.jpg,/home/prakhar/Documents/CSE591/amasky-ram/../../HalfLifeBlueShift/train/train/SHARK/img_07473.jpg,6
371,img_05464.jpg,/home/prakhar/Documents/CSE591/amasky-ram/../../HalfLifeBlueShift/train/train/SHARK/img_05464.jpg,6
372,img_05900.jpg,/home/prakhar/Documents/CSE591/amasky-ram/../../HalfLifeBlueShift/train/train/SHARK/img_05900.jpg,6
373,img_05300.jpg,/home/prakhar/Documents/CSE591/amasky-ram/../../HalfLifeBlueShift/train/train/SHARK/img_05300.jpg,6
374,img_02469.jpg,/home/prakhar/Documents/CSE591/amasky-ram/../../HalfLifeBlueShift/train/train/SHARK/img_02469.jpg,6
375,img_02288.jpg,/home/prakhar/Documents/CSE591/amasky-ram/../../HalfLifeBlueShift/train/train/SHARK/img_02288.jpg,6
376,img_03979.jpg,/home/prakhar/Documents/CSE591/amasky-ram/../../HalfLifeBlueShift/train/train/OTHER/img_03979.jpg,5
377,img_07779.jpg,/home/prakhar/Documents/CSE591/amasky-ram/../../HalfLifeBlueShift/train/train/OTHER/img_07779.jpg,5
378,img_04680.jpg,/home/prakhar/Documents/CSE591/amasky-ram/../../HalfLifeBlueShift/train/train/OTHER/img_04680.jpg,5
379,img_02773.jpg,/home/prakhar/Documents/CSE591/amasky-ram/../../HalfLifeBlueShift/train/train/OTHER/img_02773.jpg,5
380,img_06136.jpg,/home/prakhar/Documents/CSE591/amasky-ram/../../HalfLifeBlueShift/train/train/OTHER/img_06136.jpg,5
381,img_04988.jpg,/home/prakhar/Documents/CSE591/amasky-ram/../../HalfLifeBlueShift/train/train/OTHER/img_04988.jpg,5
382,img_07546.jpg,/home/prakhar/Documents/CSE591/amasky-ram/../../HalfLifeBlueShift/train/train/OTHER/img_07546.jpg,5
383,img_04150.jpg,/home/prakhar/Documents/CSE591/amasky-ram/../../HalfLifeBlueShift/train/train/OTHER/img_04150.jpg,5
384,img_06785.jpg,/home/prakhar/Documents/CSE591/amasky-ram/../../HalfLifeBlueShift/train/train/OTHER/img_06785.jpg,5
385,img_04495.jpg,/home/prakhar/Documents/CSE591/amasky-ram/../../HalfLifeBlueShift/train/train/OTHER/img_04495.jpg,5
386,img_04820.jpg,/home/prakhar/Documents/CSE591/amasky-ram/../../HalfLifeBlueShift/train/train/OTHER/img_04820.jpg,5
387,img_07923.jpg,/home/prakhar/Documents/CSE591/amasky-ram/../../HalfLifeBlueShift/train/train/OTHER/img_07923.jpg,5
388,img_03646.jpg,/home/prakhar/Documents/CSE591/amasky-ram/../../HalfLifeBlueShift/train/train/OTHER/img_03646.jpg,5
389,img_00670.jpg,/home/prakhar/Documents/CSE591/amasky-ram/../../HalfLifeBlueShift/train/train/OTHER/img_00670.jpg,5
390,img_05834.jpg,/home/prakhar/Documents/CSE591/amasky-ram/../../HalfLifeBlueShift/train/train/OTHER/img_05834.jpg,5
391,img_00397.jpg,/home/prakhar/Documents/CSE591/amasky-ram/../../HalfLifeBlueShift/train/train/OTHER/img_00397.jpg,5
392,img_05540.jpg,/home/prakhar/Documents/CSE591/amasky-ram/../../HalfLifeBlueShift/train/train/OTHER/img_05540.jpg,5
393,img_02959.jpg,/home/prakhar/Documents/CSE591/amasky-ram/../../HalfLifeBlueShift/train/train/OTHER/img_02959.jpg,5
394,img_02831.jpg,/home/prakhar/Documents/CSE591/amasky-ram/../../HalfLifeBlueShift/train/train/OTHER/img_02831.jpg,5
395,img_04057.jpg,/home/prakhar/Documents/CSE591/amasky-ram/../../HalfLifeBlueShift/train/train/OTHER/img_04057.jpg,5
396,img_00814.jpg,/home/prakhar/Documents/CSE591/amasky-ram/../../HalfLifeBlueShift/train/train/OTHER/img_00814.jpg,5
397,img_01982.jpg,/home/prakhar/Documents/CSE591/amasky-ram/../../HalfLifeBlueShift/train/train/OTHER/img_01982.jpg,5
398,img_05912.jpg,/home/prakhar/Documents/CSE591/amasky-ram/../../HalfLifeBlueShift/train/train/OTHER/img_05912.jpg,5
399,img_05070.jpg,/home/prakhar/Documents/CSE591/amasky-ram/../../HalfLifeBlueShift/train/train/OTHER/img_05070.jpg,5
400,img_00262.jpg,/home/prakhar/Documents/CSE591/amasky-ram/../../HalfLifeBlueShift/train/train/OTHER/img_00262.jpg,5
401,img_04380.jpg,/home/prakhar/Documents/CSE591/amasky-ram/../../HalfLifeBlueShift/train/train/OTHER/img_04380.jpg,5
402,img_05751.jpg,/home/prakhar/Documents/CSE591/amasky-ram/../../HalfLifeBlueShift/train/train/OTHER/img_05751.jpg,5
403,img_07305.jpg,/home/prakhar/Documents/CSE591/amasky-ram/../../HalfLifeBlueShift/train/train/OTHER/img_07305.jpg,5
404,img_00263.jpg,/home/prakhar/Documents/CSE591/amasky-ram/../../HalfLifeBlueShift/train/train/OTHER/img_00263.jpg,5
405,img_03070.jpg,/home/prakhar/Documents/CSE591/amasky-ram/../../HalfLifeBlueShift/train/train/OTHER/img_03070.jpg,5
406,img_00631.jpg,/home/prakhar/Documents/CSE591/amasky-ram/../../HalfLifeBlueShift/train/train/OTHER/img_00631.jpg,5
407,img_03772.jpg,/home/prakhar/Documents/CSE591/amasky-ram/../../HalfLifeBlueShift/train/train/OTHER/img_03772.jpg,5
408,img_04391.jpg,/home/prakhar/Documents/CSE591/amasky-ram/../../HalfLifeBlueShift/train/train/OTHER/img_04391.jpg,5
409,img_06818.jpg,/home/prakhar/Documents/CSE591/amasky-ram/../../HalfLifeBlueShift/train/train/OTHER/img_06818.jpg,5
410,img_05310.jpg,/home/prakhar/Documents/CSE591/amasky-ram/../../HalfLifeBlueShift/train/train/OTHER/img_05310.jpg,5
411,img_07751.jpg,/home/prakhar/Documents/CSE591/amasky-ram/../../HalfLifeBlueShift/train/train/OTHER/img_07751.jpg,5
412,img_02680.jpg,/home/prakhar/Documents/CSE591/amasky-ram/../../HalfLifeBlueShift/train/train/OTHER/img_02680.jpg,5
413,img_01559.jpg,/home/prakhar/Documents/CSE591/amasky-ram/../../HalfLifeBlueShift/train/train/OTHER/img_01559.jpg,5
414,img_04826.jpg,/home/prakhar/Documents/CSE591/amasky-ram/../../HalfLifeBlueShift/train/train/OTHER/img_04826.jpg,5
415,img_02528.jpg,/home/prakhar/Documents/CSE591/amasky-ram/../../HalfLifeBlueShift/train/train/OTHER/img_02528.jpg,5
416,img_02595.jpg,/home/prakhar/Documents/CSE591/amasky-ram/../../HalfLifeBlueShift/train/train/OTHER/img_02595.jpg,5
417,img_02413.jpg,/home/prakhar/Documents/CSE591/amasky-ram/../../HalfLifeBlueShift/train/train/OTHER/img_02413.jpg,5
418,img_04769.jpg,/home/prakhar/Documents/CSE591/amasky-ram/../../HalfLifeBlueShift/train/train/OTHER/img_04769.jpg,5
419,img_01080.jpg,/home/prakhar/Documents/CSE591/amasky-ram/../../HalfLifeBlueShift/train/train/OTHER/img_01080.jpg,5
420,img_07365.jpg,/home/prakhar/Documents/CSE591/amasky-ram/../../HalfLifeBlueShift/train/train/OTHER/img_07365.jpg,5
421,img_03163.jpg,/home/prakhar/Documents/CSE591/amasky-ram/../../HalfLifeBlueShift/train/train/OTHER/img_03163.jpg,5
422,img_02099.jpg,/home/prakhar/Documents/CSE591/amasky-ram/../../HalfLifeBlueShift/train/train/OTHER/img_02099.jpg,5
423,img_03132.jpg,/home/prakhar/Documents/CSE591/amasky-ram/../../HalfLifeBlueShift/train/train/OTHER/img_03132.jpg,5
424,img_07457.jpg,/home/prakhar/Documents/CSE591/amasky-ram/../../HalfLifeBlueShift/train/train/OTHER/img_07457.jpg,5
425,img_05287.jpg,/home/prakhar/Documents/CSE591/amasky-ram/../../HalfLifeBlueShift/train/train/OTHER/img_05287.jpg,5
426,img_06578.jpg,/home/prakhar/Documents/CSE591/amasky-ram/../../HalfLifeBlueShift/train/train/OTHER/img_06578.jpg,5
427,img_06708.jpg,/home/prakhar/Documents/CSE591/amasky-ram/../../HalfLifeBlueShift/train/train/OTHER/img_06708.jpg,5
428,img_04851.jpg,/home/prakhar/Documents/CSE591/amasky-ram/../../HalfLifeBlueShift/train/train/OTHER/img_04851.jpg,5
429,img_00485.jpg,/home/prakhar/Documents/CSE591/amasky-ram/../../HalfLifeBlueShift/train/train/OTHER/img_00485.jpg,5
430,img_03841.jpg,/home/prakhar/Documents/CSE591/amasky-ram/../../HalfLifeBlueShift/train/train/OTHER/img_03841.jpg,5
431,img_04072.jpg,/home/prakhar/Documents/CSE591/amasky-ram/../../HalfLifeBlueShift/train/train/OTHER/img_04072.jpg,5
432,img_07451.jpg,/home/prakhar/Documents/CSE591/amasky-ram/../../HalfLifeBlueShift/train/train/OTHER/img_07451.jpg,5
433,img_01697.jpg,/home/prakhar/Documents/CSE591/amasky-ram/../../HalfLifeBlueShift/train/train/OTHER/img_01697.jpg,5
434,img_07922.jpg,/home/prakhar/Documents/CSE591/amasky-ram/../../HalfLifeBlueShift/train/train/OTHER/img_07922.jpg,5
435,img_03383.jpg,/home/prakhar/Documents/CSE591/amasky-ram/../../HalfLifeBlueShift/train/train/OTHER/img_03383.jpg,5
436,img_01175.jpg,/home/prakhar/Documents/CSE591/amasky-ram/../../HalfLifeBlueShift/train/train/OTHER/img_01175.jpg,5
437,img_00908.jpg,/home/prakhar/Documents/CSE591/amasky-ram/../../HalfLifeBlueShift/train/train/OTHER/img_00908.jpg,5
438,img_06700.jpg,/home/prakhar/Documents/CSE591/amasky-ram/../../HalfLifeBlueShift/train/train/OTHER/img_06700.jpg,5
439,img_04064.jpg,/home/prakhar/Documents/CSE591/amasky-ram/../../HalfLifeBlueShift/train/train/OTHER/img_04064.jpg,5
440,img_06863.jpg,/home/prakhar/Documents/CSE591/amasky-ram/../../HalfLifeBlueShift/train/train/OTHER/img_06863.jpg,5
441,img_00721.jpg,/home/prakhar/Documents/CSE591/amasky-ram/../../HalfLifeBlueShift/train/train/OTHER/img_00721.jpg,5
442,img_03395.jpg,/home/prakhar/Documents/CSE591/amasky-ram/../../HalfLifeBlueShift/train/train/OTHER/img_03395.jpg,5
443,img_05689.jpg,/home/prakhar/Documents/CSE591/amasky-ram/../../HalfLifeBlueShift/train/train/OTHER/img_05689.jpg,5
444,img_06070.jpg,/home/prakhar/Documents/CSE591/amasky-ram/../../HalfLifeBlueShift/train/train/OTHER/img_06070.jpg,5
445,img_07840.jpg,/home/prakhar/Documents/CSE591/amasky-ram/../../HalfLifeBlueShift/train/train/OTHER/img_07840.jpg,5
446,img_06044.jpg,/home/prakhar/Documents/CSE591/amasky-ram/../../HalfLifeBlueShift/train/train/OTHER/img_06044.jpg,5
447,img_00691.jpg,/home/prakhar/Documents/CSE591/amasky-ram/../../HalfLifeBlueShift/train/train/OTHER/img_00691.jpg,5
448,img_07570.jpg,/home/prakhar/Documents/CSE591/amasky-ram/../../HalfLifeBlueShift/train/train/OTHER/img_07570.jpg,5
449,img_04967.jpg,/home/prakhar/Documents/CSE591/amasky-ram/../../HalfLifeBlueShift/train/train/OTHER/img_04967.jpg,5
450,img_05715.jpg,/home/prakhar/Documents/CSE591/amasky-ram/../../HalfLifeBlueShift/train/train/OTHER/img_05715.jpg,5
451,img_07547.jpg,/home/prakhar/Documents/CSE591/amasky-ram/../../HalfLifeBlueShift/train/train/OTHER/img_07547.jpg,5
452,img_01327.jpg,/home/prakhar/Documents/CSE591/amasky-ram/../../HalfLifeBlueShift/train/train/OTHER/img_01327.jpg,5
453,img_02760.jpg,/home/prakhar/Documents/CSE591/amasky-ram/../../HalfLifeBlueShift/train/train/OTHER/img_02760.jpg,5
454,img_06239.jpg,/home/prakhar/Documents/CSE591/amasky-ram/../../HalfLifeBlueShift/train/train/OTHER/img_06239.jpg,5
455,img_04948.jpg,/home/prakhar/Documents/CSE591/amasky-ram/../../HalfLifeBlueShift/train/train/OTHER/img_04948.jpg,5
456,img_00886.jpg,/home/prakhar/Documents/CSE591/amasky-ram/../../HalfLifeBlueShift/train/train/OTHER/img_00886.jpg,5
457,img_03873.jpg,/home/prakhar/Documents/CSE591/amasky-ram/../../HalfLifeBlueShift/train/train/OTHER/img_03873.jpg,5
458,img_02792.jpg,/home/prakhar/Documents/CSE591/amasky-ram/../../HalfLifeBlueShift/train/train/OTHER/img_02792.jpg,5
459,img_05502.jpg,/home/prakhar/Documents/CSE591/amasky-ram/../../HalfLifeBlueShift/train/train/OTHER/img_05502.jpg,5
460,img_00589.jpg,/home/prakhar/Documents/CSE591/amasky-ram/../../HalfLifeBlueShift/train/train/OTHER/img_00589.jpg,5
461,img_05546.jpg,/home/prakhar/Documents/CSE591/amasky-ram/../../HalfLifeBlueShift/train/train/OTHER/img_05546.jpg,5
462,img_04060.jpg,/home/prakhar/Documents/CSE591/amasky-ram/../../HalfLifeBlueShift/train/train/OTHER/img_04060.jpg,5
463,img_02395.jpg,/home/prakhar/Documents/CSE591/amasky-ram/../../HalfLifeBlueShift/train/train/OTHER/img_02395.jpg,5
464,img_00126.jpg,/home/prakhar/Documents/CSE591/amasky-ram/../../HalfLifeBlueShift/train/train/OTHER/img_00126.jpg,5
465,img_07405.jpg,/home/prakhar/Documents/CSE591/amasky-ram/../../HalfLifeBlueShift/train/train/OTHER/img_07405.jpg,5
466,img_00851.jpg,/home/prakhar/Documents/CSE591/amasky-ram/../../HalfLifeBlueShift/train/train/OTHER/img_00851.jpg,5
467,img_02011.jpg,/home/prakhar/Documents/CSE591/amasky-ram/../../HalfLifeBlueShift/train/train/OTHER/img_02011.jpg,5
468,img_04448.jpg,/home/prakhar/Documents/CSE591/amasky-ram/../../HalfLifeBlueShift/train/train/OTHER/img_04448.jpg,5
469,img_01418.jpg,/home/prakhar/Documents/CSE591/amasky-ram/../../HalfLifeBlueShift/train/train/OTHER/img_01418.jpg,5
470,img_04693.jpg,/home/prakhar/Documents/CSE591/amasky-ram/../../HalfLifeBlueShift/train/train/OTHER/img_04693.jpg,5
471,img_06984.jpg,/home/prakhar/Documents/CSE591/amasky-ram/../../HalfLifeBlueShift/train/train/OTHER/img_06984.jpg,5
472,img_05274.jpg,/home/prakhar/Documents/CSE591/amasky-ram/../../HalfLifeBlueShift/train/train/OTHER/img_05274.jpg,5
473,img_07399.jpg,/home/prakhar/Documents/CSE591/amasky-ram/../../HalfLifeBlueShift/train/train/OTHER/img_07399.jpg,5
474,img_07770.jpg,/home/prakhar/Documents/CSE591/amasky-ram/../../HalfLifeBlueShift/train/train/OTHER/img_07770.jpg,5
475,img_05943.jpg,/home/prakhar/Documents/CSE591/amasky-ram/../../HalfLifeBlueShift/train/train/OTHER/img_05943.jpg,5
476,img_00332.jpg,/home/prakhar/Documents/CSE591/amasky-ram/../../HalfLifeBlueShift/train/train/OTHER/img_00332.jpg,5
477,img_04966.jpg,/home/prakhar/Documents/CSE591/amasky-ram/../../HalfLifeBlueShift/train/train/OTHER/img_04966.jpg,5
478,img_04685.jpg,/home/prakhar/Documents/CSE591/amasky-ram/../../HalfLifeBlueShift/train/train/OTHER/img_04685.jpg,5
479,img_03917.jpg,/home/prakhar/Documents/CSE591/amasky-ram/../../HalfLifeBlueShift/train/train/OTHER/img_03917.jpg,5
480,img_03530.jpg,/home/prakhar/Documents/CSE591/amasky-ram/../../HalfLifeBlueShift/train/train/OTHER/img_03530.jpg,5
481,img_00267.jpg,/home/prakhar/Documents/CSE591/amasky-ram/../../HalfLifeBlueShift/train/train/OTHER/img_00267.jpg,5
482,img_02331.jpg,/home/prakhar/Documents/CSE591/amasky-ram/../../HalfLifeBlueShift/train/train/OTHER/img_02331.jpg,5
483,img_00862.jpg,/home/prakhar/Documents/CSE591/amasky-ram/../../HalfLifeBlueShift/train/train/OTHER/img_00862.jpg,5
484,img_00063.jpg,/home/prakhar/Documents/CSE591/amasky-ram/../../HalfLifeBlueShift/train/train/OTHER/img_00063.jpg,5
485,img_02715.jpg,/home/prakhar/Documents/CSE591/amasky-ram/../../HalfLifeBlueShift/train/train/OTHER/img_02715.jpg,5
486,img_00802.jpg,/home/prakhar/Documents/CSE591/amasky-ram/../../HalfLifeBlueShift/train/train/OTHER/img_00802.jpg,5
487,img_01483.jpg,/home/prakhar/Documents/CSE591/amasky-ram/../../HalfLifeBlueShift/train/train/OTHER/img_01483.jpg,5
488,img_00226.jpg,/home/prakhar/Documents/CSE591/amasky-ram/../../HalfLifeBlueShift/train/train/OTHER/img_00226.jpg,5
489,img_04652.jpg,/home/prakhar/Documents/CSE591/amasky-ram/../../HalfLifeBlueShift/train/train/OTHER/img_04652.jpg,5
490,img_01356.jpg,/home/prakhar/Documents/CSE591/amasky-ram/../../HalfLifeBlueShift/train/train/OTHER/img_01356.jpg,5
491,img_04238.jpg,/home/prakhar/Documents/CSE591/amasky-ram/../../HalfLifeBlueShift/train/train/OTHER/img_04238.jpg,5
492,img_06706.jpg,/home/prakhar/Documents/CSE591/amasky-ram/../../HalfLifeBlueShift/train/train/OTHER/img_06706.jpg,5
493,img_02051.jpg,/home/prakhar/Documents/CSE591/amasky-ram/../../HalfLifeBlueShift/train/train/OTHER/img_02051.jpg,5
494,img_00698.jpg,/home/prakhar/Documents/CSE591/amasky-ram/../../HalfLifeBlueShift/train/train/OTHER/img_00698.jpg,5
495,img_01879.jpg,/home/prakhar/Documents/CSE591/amasky-ram/../../HalfLifeBlueShift/train/train/OTHER/img_01879.jpg,5
496,img_01400.jpg,/home/prakhar/Documents/CSE591/amasky-ram/../../HalfLifeBlueShift/train/train/OTHER/img_01400.jpg,5
497,img_07227.jpg,/home/prakhar/Documents/CSE591/amasky-ram/../../HalfLifeBlueShift/train/train/OTHER/img_07227.jpg,5
498,img_04751.jpg,/home/prakhar/Documents/CSE591/amasky-ram/../../HalfLifeBlueShift/train/train/OTHER/img_04751.jpg,5
